time_str,导向盾首里程,刀盘喷水泵压力,刀盘转速,刀盘扭矩,刀盘给定转速,刀盘贯入度,总推力,推进速度(nn/M),推进位移,推进给定速度,撑靴泵压力,左侧护盾压力,右侧护盾压力,顶护盾压力,撑紧压力,前部拖拉油缸压力,后部拖拉油缸压力
2022-10-08 00:31:30,25849.201171875,0.0879629626870155,0.0,0.0,0.0,0.0,0.0,0.0,1043.406494140625,0.0,272.0486145019531,91.84027862548828,41.62326431274414,43.70659637451172,151.4322814941406,0.3038194477558136,29.02198982238769
2022-10-08 00:31:35,25849.201171875,0.0873842611908912,0.000999127398245,2.841303825378418,0.0,0.0,0.0,0.0,1043.406494140625,0.0,272.0775451660156,91.84027862548828,41.62326431274414,43.69213104248047,151.5046234130859,0.2893518507480621,29.02198982238769
2022-10-08 00:31:40,25849.201171875,0.0873842611908912,0.0011989529011771,3.955540418624878,0.0,0.0,0.0,0.0,1043.406494140625,0.0,272.0486145019531,91.84027862548828,41.63772964477539,43.72106552124024,151.4756927490234,0.2893518507480621,29.03645896911621
2022-10-08 00:31:45,25849.201171875,0.090856485068798,0.0101911006495356,121.1175308227539,0.254692941904068,0.0,0.0,0.0,1043.484252929688,0.0,272.1354370117188,91.8981475830078,41.63772964477539,43.72106552124024,151.4322814941406,0.3038194477558136,29.03645896911621
2022-10-08 00:31:50,25849.201171875,0.082175925374031,0.3920576572418213,26.96452903747558,0.3946704268455505,0.0,0.0,0.0,1043.406494140625,0.0,272.1209411621094,91.75347137451172,41.63772964477539,43.6631965637207,151.4178314208984,0.2893518507480621,29.05092620849609
2022-10-08 00:31:55,25849.201171875,0.0902777761220932,0.777121365070343,100.2813110351562,1.035751223564148,0.0,0.0,0.0,1043.406494140625,0.0,272.0486145019531,91.47858428955078,41.63772964477539,43.72106552124024,151.3888854980469,0.3038194477558136,29.03645896911621
2022-10-08 00:32:00,25849.201171875,0.0850694477558136,1.427753210067749,136.5497131347656,2.043755292892456,0.0,0.0,0.0,1043.484252929688,0.0,272.0486145019531,91.21817016601562,41.7100715637207,43.70659637451172,151.3599548339844,0.3038194477558136,29.02198982238769
2022-10-08 00:32:05,25849.201171875,0.0873842611908912,2.340555906295776,148.6391906738281,2.78878378868103,0.0,0.0,0.0,1043.639770507812,0.0,271.9907531738281,91.82581329345705,41.63772964477539,43.79340362548828,151.3454895019531,0.2604166865348816,29.00752449035645
2022-10-08 00:32:10,25849.201171875,0.090856485068798,3.182221412658691,161.8986053466797,3.626578807830811,0.0,0.0,0.0,1043.484252929688,0.0,272.0196838378906,91.76793670654295,41.66666412353516,43.63425827026367,151.3454895019531,0.3038194477558136,28.97859001159668
2022-10-08 00:32:15,25849.201171875,0.0902777761220932,3.941158294677734,146.4664154052734,4.15749979019165,0.0,0.0,0.0,1043.406494140625,0.0,272.0486145019531,91.82581329345705,41.7100715637207,43.63425827026367,151.3310241699219,0.3038194477558136,29.02198982238769
2022-10-08 00:32:20,25849.201171875,0.0885416641831398,4.093025684356689,116.2148971557617,4.142176628112793,0.0,0.0,0.0,1043.406494140625,0.0,272.0196838378906,91.24710845947266,41.66666412353516,43.64872741699219,151.3165435791016,0.3038194477558136,29.02198982238769
2022-10-08 00:32:25,25849.201171875,0.0839120373129844,4.09422492980957,124.3488388061523,4.140520095825195,0.9116308689117432,0.0,3.732421875,1043.406494140625,0.0,271.9762878417969,91.5798568725586,41.68113327026367,43.30150604248047,151.3165435791016,0.3038194477558136,28.97859001159668
2022-10-08 00:32:30,25849.201171875,0.0914351865649223,4.095424175262451,114.5435485839844,4.143004894256592,0.9114084839820862,41.34375,3.732421875,1043.406494140625,3.768807888031006,272.1354370117188,91.86920928955078,41.62326431274414,43.25810241699219,151.2442169189453,0.2893518507480621,29.02198982238769
2022-10-08 00:32:35,25849.201171875,0.0827546268701553,4.096622943878174,115.3235092163086,4.143833160400391,1.366645812988281,285.46875,5.5986328125,1043.639770507812,5.128761768341064,272.0196838378906,90.97222137451172,41.68113327026367,42.83853912353516,151.2731475830078,0.3038194477558136,29.02198982238769
2022-10-08 00:32:40,25849.201171875,0.0873842611908912,4.094823837280273,131.3127899169922,4.143833160400391,0.2278743833303451,602.4375,0.93310546875,1043.484252929688,5.135995388031006,271.932861328125,90.89988708496094,41.68113327026367,42.75173568725586,151.2442169189453,0.2604166865348816,29.00752449035645
2022-10-08 00:32:45,25849.201171875,0.0827546268701553,4.0984206199646,106.8553161621094,4.144247531890869,1.13837206363678,948.9375610351562,4.66552734375,1043.406494140625,5.114294052124023,271.8026733398437,91.31944274902344,41.63772964477539,42.79513931274414,151.1863403320312,0.318287044763565,29.02198982238769
2022-10-08 00:32:50,25849.201171875,0.0925925895571708,4.09422492980957,127.691535949707,4.140520095825195,0.6837231516838074,1260.65625,2.79931640625,1043.406494140625,5.128761768341064,271.7737121582031,91.015625,41.66666412353516,42.93981552124024,151.171875,0.3038194477558136,29.03645896911621
2022-10-08 00:32:55,25849.201171875,0.0873842611908912,4.096222877502441,128.8057708740234,4.143004894256592,0.6833896636962891,1514.625122070312,2.79931640625,1043.406494140625,5.027488231658936,271.8605346679688,91.46411895751952,41.63772964477539,43.01215362548828,151.2008056640625,0.3038194477558136,29.00752449035645
2022-10-08 00:33:00,25849.201171875,0.0844907388091087,4.0984206199646,104.626838684082,4.144247531890869,0.68302321434021,1765.968627929688,2.79931640625,1043.406494140625,5.078125,271.9183959960937,92.66493225097656,41.62326431274414,43.37384414672852,151.2731475830078,0.3038194477558136,29.02198982238769
2022-10-08 00:33:05,25849.201171875,0.0896990746259689,4.094025135040283,131.9813385009766,4.144247531890869,0.6837565302848816,2008.78125,2.79931640625,1043.406494140625,5.088975429534912,271.932861328125,92.46238708496094,41.66666412353516,44.01041412353516,151.2876129150391,0.2893518507480621,29.02198982238769
2022-10-08 00:33:10,25849.201171875,0.0902777761220932,4.09961986541748,121.396110534668,4.143418788909912,0.9104312062263488,2214.84375,3.732421875,1043.484252929688,5.056423664093018,271.9762878417969,91.59432983398438,41.60879516601562,44.21296310424805,151.2586822509766,0.2893518507480621,29.03645896911621
2022-10-08 00:33:15,25849.201171875,0.0839120373129844,4.099420070648193,104.905387878418,4.144247531890869,1.138094425201416,2413.031005859375,4.66552734375,1043.484252929688,5.088975429534912,272.0196838378906,92.23090362548828,41.69560241699219,44.58911895751953,151.3310241699219,0.2893518507480621,29.03645896911621
2022-10-08 00:33:20,25849.201171875,0.0896990746259689,4.094824314117432,130.6442565917969,4.140934467315674,0.9114974141120912,2619.75,3.732421875,1043.406494140625,5.016637802124023,271.9762878417969,91.75347137451172,41.69560241699219,45.06655120849609,151.3165435791016,0.3038194477558136,29.03645896911621
2022-10-08 00:33:25,25849.19921875,0.082175925374031,4.099420070648193,116.3263244628906,4.143833160400391,0.4552378058433532,2793.65625,1.8662109375,1043.484252929688,5.049190044403076,271.9039306640625,90.16204071044922,41.68113327026367,45.24016189575195,151.3310241699219,0.2604166865348816,29.03645896911621
2022-10-08 00:33:30,25849.19921875,0.0885416641831398,4.098021507263184,110.4208602905273,4.145903587341309,0.9107863306999208,2900.625,3.732421875,1043.484252929688,9.494357109069824,271.9907531738281,89.22164154052734,41.66666412353516,45.50057983398438,151.3599548339844,0.318287044763565,29.05092620849609
2022-10-08 00:33:35,25849.19921875,0.0902777761220932,4.092626571655273,150.9233703613281,4.142590522766113,2.051970481872559,3113.90625,8.39794921875,1044.261840820312,9.432869911193848,287.8616943359375,85.50347137451172,41.68113327026367,45.80439758300781,150.4485015869141,0.2604166865348816,29.05092620849609
2022-10-08 00:33:40,25849.19921875,0.0885416641831398,4.0984206199646,134.6555328369141,4.144247531890869,0.2276965975761413,3167.0625,0.93310546875,1044.261840820312,9.450955390930176,274.6961975097656,83.07292175292969,41.68113327026367,45.50057983398438,150.1302185058594,0.3038194477558136,29.07986068725586
2022-10-08 00:33:45,25849.19921875,0.0925925895571708,4.098021030426025,126.2987442016602,4.144247531890869,3.871199607849121,3367.21875,15.8642578125,1045.583862304688,9.432869911193848,275.1157531738281,82.40740966796875,41.60879516601562,45.71759414672852,150.4050903320312,0.2893518507480621,29.07986068725586
2022-10-08 00:33:50,25849.19921875,0.0856481492519378,4.095623970031738,164.8513336181641,4.145489692687988,2.734316110610962,3471.5625,11.19873046875,1046.594848632812,12.33000564575195,270.5439758300781,83.86863708496094,41.63772964477539,45.90567016601562,149.9421234130859,0.2893518507480621,29.09432983398437
2022-10-08 00:33:55,25849.197265625,0.0896990746259689,4.09702205657959,149.9205627441406,4.14507532119751,0.6832563877105713,3694.6875,2.79931640625,1046.594848632812,12.3191556930542,317.5491943359375,82.40740966796875,41.63772964477539,45.38483810424805,152.0543975830078,0.2893518507480621,29.07986068725586
2022-10-08 00:34:00,25849.197265625,0.0873842611908912,4.088229656219482,183.2362365722656,4.136378765106201,5.477806568145752,3856.781494140625,22.39453125,1048.538818359375,14.73885822296143,322.2800903320312,81.74189758300781,41.66666412353516,45.93460464477539,152.5897064208984,0.2893518507480621,29.10879516601562
2022-10-08 00:34:05,25849.197265625,0.0868055522441864,4.022687435150146,257.5558471679688,4.04692554473877,4.871539115905762,4141.59375,19.5966796875,1050.249633789062,13.7839994430542,322.323486328125,83.01504516601562,41.60879516601562,45.57291412353516,152.6620330810547,0.3038194477558136,29.12326431274414
2022-10-08 00:34:10,25849.197265625,0.0868055522441864,3.990515232086182,238.8923797607422,4.04568338394165,5.612307071685791,4398.84375,22.39599609375,1051.96044921875,13.76953125,324.0885620117188,83.47801208496094,41.68113327026367,45.18228912353516,152.6186370849609,0.2604166865348816,29.10879516601562
2022-10-08 00:34:15,25849.197265625,0.0896990746259689,3.988117218017578,261.6228332519531,4.047753810882568,5.61531400680542,4534.6875,22.39453125,1053.82666015625,13.77676677703857,323.495361328125,81.4959487915039,41.63772964477539,45.68865585327149,152.6620330810547,0.3038194477558136,29.09432983398437
2022-10-08 00:34:20,25849.197265625,0.0896990746259689,3.985120058059693,355.0515441894531,4.044855117797852,7.961746692657471,4404.09423828125,31.728515625,1056.470703125,13.77676677703857,321.9762878417969,83.99884033203125,41.60879516601562,45.54397964477539,152.6909637451172,0.2604166865348816,29.09432983398437
2022-10-08 00:34:25,25849.19140625,0.082175925374031,3.967735290527344,374.5507202148438,4.046096801757812,7.760719299316406,4470.375,30.79248046875,1058.803588867188,13.70442581176758,321.9762878417969,85.90856170654297,41.62326431274414,44.99421310424805,152.734375,0.2604166865348816,29.10879516601562
2022-10-08 00:34:30,25849.19140625,0.0873842611908912,3.983921051025391,337.4465942382812,4.043612957000732,5.387378692626953,4617.375,21.462890625,1060.592163085938,13.69719314575195,321.5277709960937,82.47974395751953,41.63772964477539,44.87847137451172,152.7054443359375,0.2893518507480621,29.1521987915039
2022-10-08 00:34:35,25849.19140625,0.0815972238779068,3.968534231185913,416.9473876953125,4.045269012451172,8.935155868530273,4337.8125,35.45947265625,1063.547119140625,13.71889400482178,322.6707153320312,82.40740966796875,41.59432983398438,45.18228912353516,152.8067169189453,0.3327546417713165,29.1521987915039
2022-10-08 00:34:40,25849.19140625,0.0896990746259689,3.981123208999634,322.6272583007812,4.044855117797852,7.035387992858887,4344.375,27.99609375,1065.880126953125,13.74059581756592,322.207763671875,83.50694274902344,41.60879516601562,45.45717620849609,152.7054443359375,0.2893518507480621,29.16666603088379
2022-10-08 00:34:45,25849.19140625,0.0931712985038757,3.985520362854004,342.4607238769531,4.048168182373047,5.853096961975098,4471.03125,23.32763671875,1067.901977539062,13.69357681274414,325.7378540039062,82.07465362548828,41.60879516601562,44.73379516601562,152.9079895019531,0.3038194477558136,29.1521987915039
2022-10-08 00:34:50,25849.19140625,0.0850694477558136,3.970333099365233,378.5619812011719,4.048582077026367,8.696456909179688,4319.4375,34.52783203125,1070.701416015625,13.75868034362793,322.8298645019531,81.04745483398438,41.63772964477539,45.7899284362793,152.7922515869141,0.318287044763565,29.1521987915039
2022-10-08 00:34:55,25849.177734375,0.0856481492519378,3.964138507843018,367.9766845703125,4.052723407745361,7.53274393081665,4346.34375,29.86083984375,1073.189819335938,13.72251224517822,270.8188781738281,80.65682983398438,41.62326431274414,45.73205947875977,152.6475677490234,0.2893518507480621,29.1811351776123
2022-10-08 00:35:00,25849.177734375,0.082175925374031,3.993712663650513,325.2457580566406,4.0514817237854,4.439595699310303,4531.40625,17.73046875,1074.744995117188,13.76229572296143,275.1591491699219,81.1053237915039,41.60879516601562,44.89294052124024,152.5752258300781,0.3038194477558136,29.19560050964355
2022-10-08 00:35:05,25849.177734375,0.09375,3.96733546257019,416.7802734375,4.050238609313965,8.93785572052002,4373.90625,35.45947265625,1077.622314453125,13.74782943725586,274.0017395019531,81.3946762084961,41.56539535522461,45.3993034362793,152.4884185791016,0.2893518507480621,29.16666603088379
2022-10-08 00:35:10,25849.177734375,0.0856481492519378,3.976527690887451,317.4460754394531,4.051894664764404,6.805315017700195,4390.3125,27.0615234375,1079.799682617188,13.74421310424805,273.7123718261719,82.58101654052734,41.63772964477539,46.1805534362793,152.3582153320312,0.2893518507480621,29.19560050964355
2022-10-08 00:35:15,25849.177734375,0.0896990746259689,3.979125499725342,386.3058776855469,4.05355167388916,5.862871646881104,4588.5,23.3291015625,1081.821533203125,13.77676677703857,273.2494201660156,82.1759262084961,41.66666412353516,45.02314758300781,152.3292846679688,0.3038194477558136,29.22453498840332
2022-10-08 00:35:20,25849.177734375,0.0879629626870155,3.968734741210938,426.47412109375,4.048582077026367,9.40019989013672,4203.28125,37.32568359375,1084.854248046875,13.74421310424805,281.8576354980469,77.70543670654297,41.62326431274414,46.0069465637207,149.5514984130859,0.2893518507480621,29.22453498840332
2022-10-08 00:35:25,25849.1640625,0.0868055522441864,3.980124473571777,308.9778747558594,4.044855117797852,2.579222202301025,3944.062744140625,10.265625,1085.631958007812,13.75868034362793,318.8512878417969,79.74536895751953,41.68113327026367,45.76099395751953,150.78125,0.3038194477558136,29.25347137451172
2022-10-08 00:35:30,25849.1640625,0.0896990746259689,3.986718654632568,303.6852416992188,4.0514817237854,3.978909492492676,4331.90625,15.86279296875,1087.187255859375,13.7514476776123,323.828125,75.44849395751953,41.66666412353516,46.23842620849609,152.2280120849609,0.3038194477558136,29.23900413513184
2022-10-08 00:35:35,25849.1640625,0.0873842611908912,3.986518859863281,300.4539794921875,4.048996448516846,9.597777366638184,4070.062744140625,38.26171875,1090.142211914062,13.79123306274414,324.8842468261719,78.00926208496094,41.63772964477539,46.02141189575195,152.5897064208984,0.3038194477558136,29.25347137451172
2022-10-08 00:35:40,25849.1640625,0.0873842611908912,3.99451208114624,260.6756591796875,4.044855117797852,4.905533790588379,4380.46875,19.59521484375,1091.541870117188,13.76229572296143,320.0376281738281,78.13946533203125,41.66666412353516,46.02141189575195,152.4305572509766,0.318287044763565,29.296875
2022-10-08 00:35:45,25849.1640625,0.0839120373129844,3.997509241104126,291.9857482910156,4.03947114944458,6.30275297164917,4321.40625,25.1953125,1093.95263671875,13.70804405212402,321.3686218261719,75.08680725097656,41.62326431274414,46.1805534362793,152.1267395019531,0.318287044763565,29.25347137451172
2022-10-08 00:35:50,25849.1640625,0.090856485068798,3.996909618377686,293.21142578125,4.041542053222656,7.702494144439697,4306.3125,30.79541015625,1096.285522460938,13.66102409362793,321.0792846679688,77.85011291503906,41.60879516601562,46.38310241699219,152.0688629150391,0.318287044763565,29.31134414672852
2022-10-08 00:35:55,25849.15234375,0.0792824104428291,3.989515781402588,283.1832885742188,4.041542053222656,6.315381050109863,4536.65673828125,25.1953125,1098.307373046875,13.74059581756592,320.0231628417969,76.60590362548828,41.63772964477539,46.61458587646485,152.0833435058594,0.3038194477558136,29.296875
2022-10-08 00:36:00,25849.15234375,0.0844907388091087,3.997709035873413,303.2952575683594,4.044440746307373,6.535847663879395,4581.28125,26.12841796875,1100.484741210938,13.671875,321.542236328125,77.71990966796875,41.68113327026367,45.45717620849609,152.0833435058594,0.2893518507480621,29.32580947875977
2022-10-08 00:36:05,25849.15234375,0.0844907388091087,3.998708009719849,306.8608093261719,4.0398850440979,7.934325695037842,4401.46875,31.72705078125,1103.128662109375,13.71166133880615,319.9363403320312,76.3454818725586,41.68113327026367,46.07928085327149,152.0833435058594,0.2893518507480621,29.34027862548828
2022-10-08 00:36:10,25849.15234375,0.0839120373129844,3.990515232086182,303.7409362792969,4.042370319366455,6.313799381256104,4496.625,25.1953125,1105.228271484375,13.66463947296143,320.1099548339844,76.46122741699219,41.60879516601562,46.41203689575195,152.1122741699219,0.2604166865348816,29.38368034362793
2022-10-08 00:36:15,25849.15234375,0.0868055522441864,3.992913246154785,328.6998901367188,4.041127681732178,6.544064521789551,4608.1875,26.1298828125,1107.40576171875,13.67911052703857,319.9942016601562,78.93518829345703,41.63772964477539,46.22396087646485,152.1556701660156,0.3038194477558136,29.36921501159668
2022-10-08 00:36:20,25849.15234375,0.0856481492519378,4.00590181350708,301.17822265625,4.044026374816895,7.455327033996582,4411.3125,29.86083984375,1110.205200195312,13.71166133880615,321.3975524902344,77.64756774902344,41.63772964477539,46.70138931274414,152.2714080810547,0.3038194477558136,29.38368034362793
2022-10-08 00:36:25,25849.138671875,0.0868055522441864,3.994311809539795,288.3087768554688,4.042370319366455,5.840214252471924,4562.90625,23.32763671875,1111.915893554688,13.71166133880615,321.0792846679688,76.60590362548828,41.63772964477539,46.67245483398438,152.1267395019531,0.3038194477558136,29.39814949035645
2022-10-08 00:36:30,25849.138671875,0.0856481492519378,3.996709823608398,322.4601135253906,4.044026374816895,7.239334583282471,4600.96875,28.927734375,1114.248779296875,13.74059581756592,266.739013671875,79.32581329345703,41.66666412353516,46.484375,152.0399322509766,0.2604166865348816,29.44155120849609
2022-10-08 00:36:35,25849.138671875,0.0839120373129844,4.009099006652832,275.1050720214844,4.046511173248291,7.681014060974121,4469.71875,30.7939453125,1116.81494140625,13.71527671813965,273.0324096679688,76.72164154052734,41.63772964477539,47.49710464477539,151.9241943359375,0.318287044763565,29.41261482238769
2022-10-08 00:36:40,25849.138671875,0.0850694477558136,3.995311260223389,302.9609680175781,4.043612957000732,6.306220054626465,4496.625,25.1953125,1119.14794921875,13.70442581176758,271.9473266601562,78.21180725097656,41.68113327026367,47.90219879150391,151.8373870849609,0.3038194477558136,29.41261482238769
2022-10-08 00:36:45,25849.138671875,0.0850694477558136,3.991714000701904,328.5327453613281,4.046511173248291,6.54603099822998,4670.53125,26.1298828125,1121.092041015625,13.71527671813965,271.8460693359375,80.74363708496094,41.60879516601562,46.70138931274414,151.7216491699219,0.318287044763565,29.47048568725586
2022-10-08 00:36:50,25849.138671875,0.0827546268701553,3.998708009719849,308.8107604980469,4.04568338394165,7.000918388366699,4577.99951171875,27.99462890625,1123.580444335938,13.69357681274414,271.8316040039062,77.22801208496094,41.63772964477539,46.94733810424805,151.6927185058594,0.318287044763565,29.45602035522461
2022-10-08 00:36:55,25849.138671875,0.0810185149312019,3.987517595291138,315.0504760742188,4.046511173248291,7.956592082977295,4452.65625,31.72705078125,1126.146606445312,16.52560806274414,271.7881774902344,78.31307983398438,41.66666412353516,47.28009414672852,151.5335693359375,0.3038194477558136,29.47048568725586
2022-10-08 00:37:00,25849.125,0.0827546268701553,3.992713212966919,329.7583923339844,4.048168182373047,5.37470817565918,4738.78125,21.462890625,1127.857421875,18.25086784362793,271.7737121582031,78.3709487915039,41.63772964477539,46.07928085327149,151.4756927490234,0.3038194477558136,29.48495483398437
2022-10-08 00:37:05,25849.125,0.0868055522441864,3.980923891067505,386.0830688476562,4.046096801757812,10.07968616485596,4562.25,40.12646484375,1131.201293945312,18.2327823638916,271.7013854980469,77.83564758300781,41.62326431274414,46.75925827026367,151.3888854980469,0.2893518507480621,29.48495483398437
2022-10-08 00:37:10,25849.125,0.0839120373129844,3.985119819641113,360.0099182128906,4.047753810882568,8.195527076721191,4638.375,32.66015625,1133.922973632812,18.20384979248047,271.0648193359375,78.44329071044922,41.68113327026367,47.3524284362793,151.2586822509766,0.318287044763565,29.52835464477539
2022-10-08 00:37:15,25849.125,0.0856481492519378,3.992913246154785,368.2552490234375,4.04692554473877,6.076317310333252,4914.0,24.26220703125,1136.178100585938,19.5999698638916,271.9039306640625,80.39641571044922,41.66666412353516,46.61458587646485,151.1139984130859,0.318287044763565,29.5428237915039
2022-10-08 00:37:20,25849.125,0.0856481492519378,3.975128650665283,461.3497314453125,4.050652503967285,10.79822063446045,4698.75,42.92431640625,1139.677490234375,19.58911895751953,271.8316040039062,77.5607681274414,41.62326431274414,46.67245483398438,150.9114685058594,0.2893518507480621,29.55729103088379
2022-10-08 00:37:25,25849.125,0.0844907388091087,3.981523036956787,396.2783203125,4.04733943939209,10.31252861022949,4604.25,41.0595703125,1143.176879882812,19.63252258300781,271.7592468261719,80.02025604248047,41.66666412353516,47.78646087646485,150.8246612548828,0.3038194477558136,29.55729103088379
2022-10-08 00:37:30,25849.109375,0.0844907388091087,4.000306606292725,391.2642517089844,4.050238609313965,6.065326690673828,4803.75,24.2607421875,1145.120849609375,19.66145706176757,271.7592468261719,75.44849395751953,41.63772964477539,47.1788215637207,150.7378387451172,0.3038194477558136,29.60069465637207
2022-10-08 00:37:35,25849.109375,0.0839120373129844,3.973929882049561,476.2804870605469,4.048168182373047,11.5062665939331,4698.75,45.72509765625,1148.620239257812,19.63975715637207,271.7881774902344,77.43055725097656,41.7100715637207,47.48263931274414,150.5642395019531,0.3038194477558136,29.58622550964355
2022-10-08 00:37:40,25849.109375,0.0827546268701553,3.978725671768189,441.2934875488281,4.049824237823486,9.831473350524902,4581.28125,39.193359375,1151.964111328125,19.63975715637207,271.875,79.89004516601562,41.73900604248047,46.65798568725586,150.5352935791016,0.2893518507480621,29.61515998840332
2022-10-08 00:37:45,25849.109375,0.0815972238779068,3.9853196144104,411.3205261230469,4.050652503967285,7.024437427520752,4726.96875,27.99462890625,1154.296997070312,19.5999698638916,271.9039306640625,75.82465362548828,41.63772964477539,46.875,150.4629669189453,0.3038194477558136,29.62962913513184
2022-10-08 00:37:50,25849.109375,0.0850694477558136,3.994112491607666,418.6188049316406,4.048582077026367,8.177074432373047,4732.21875,32.66015625,1157.018676757812,19.62167167663575,271.9762878417969,74.47917175292969,41.63772964477539,48.06134414672852,150.3761596679688,0.3038194477558136,29.65856552124023
2022-10-08 00:37:55,25849.109375,0.0850694477558136,3.984920263290405,391.3200073242188,4.048996448516846,9.835418701171877,4765.6875,39.193359375,1160.284790039062,19.62890625,271.932861328125,82.21932983398438,41.69560241699219,46.484375,150.3472137451172,0.3038194477558136,29.65856552124023
2022-10-08 00:38:00,25849.09375,0.0827546268701553,3.99850869178772,371.82080078125,4.048582077026367,8.401447296142578,4882.5,33.59326171875,1163.161987304688,19.59635543823243,271.9473266601562,76.93865966796875,41.68113327026367,46.65798568725586,150.2748870849609,0.3327546417713165,29.67303085327148
2022-10-08 00:38:05,25849.09375,0.0827546268701553,4.005702018737793,380.2890014648438,4.04692554473877,8.386360168457031,4813.59375,33.59326171875,1166.272583007812,19.60720443725586,272.0196838378906,75.78125,41.66666412353516,47.46817016601562,150.1736145019531,0.2893518507480621,29.65856552124023
2022-10-08 00:38:10,25849.09375,0.0902777761220932,3.994311809539795,359.9542236328125,4.04733943939209,9.577726364135742,4759.78173828125,38.26025390625,1169.460815429688,19.61805534362793,272.0630798339844,77.69097137451172,41.68113327026367,47.33796310424805,150.1012725830078,0.2604166865348816,29.65856552124023
2022-10-08 00:38:15,25849.09375,0.0839120373129844,3.996709823608398,383.2417602539063,4.04733943939209,10.50681114196777,4692.84375,41.99267578125,1172.49365234375,19.60720443725586,271.6579895019531,75.390625,41.73900604248047,46.88946914672852,150.1736145019531,0.3038194477558136,29.67303085327148
2022-10-08 00:38:20,25849.09375,0.0827546268701553,3.967135667800903,480.5703430175781,4.045269012451172,8.938305854797363,4703.34375,35.45947265625,1175.448608398438,19.6108226776123,271.8316040039062,78.60243225097656,41.78240585327149,46.58564758300781,150.1736145019531,0.2893518507480621,29.70196914672852
2022-10-08 00:38:25,25849.09375,0.0868055522441864,3.998508214950562,368.645263671875,4.045269012451172,8.868175506591797,4567.5,35.45947265625,1178.947875976562,19.62167167663575,271.932861328125,77.37268829345703,41.73900604248047,47.88772964477539,150.1157379150391,0.318287044763565,29.6875
2022-10-08 00:38:30,25849.076171875,0.0856481492519378,3.988317489624024,429.4268798828125,4.04692554473877,10.06100082397461,4649.53125,40.12646484375,1181.825073242188,19.6108226776123,271.5567016601562,80.19386291503906,41.68113327026367,46.31076431274414,150.1591491699219,0.3038194477558136,29.67303085327148
2022-10-08 00:38:35,25849.076171875,0.0850694477558136,3.977526426315308,483.690185546875,4.04692554473877,7.038200378417969,4840.5,27.99462890625,1184.23583984375,19.6108226776123,271.9183959960937,76.40335845947266,41.69560241699219,47.3524284362793,150.1157379150391,0.3038194477558136,29.65856552124023
2022-10-08 00:38:40,25849.076171875,0.0879629626870155,3.997309446334839,394.9412231445313,4.043612957000732,12.60550403594971,4326.0,50.390625,1188.512817382812,19.6108226776123,271.5567016601562,78.50115966796875,41.69560241699219,47.85879516601562,150.1591491699219,0.3038194477558136,29.67303085327148
2022-10-08 00:38:45,25849.076171875,0.082175925374031,3.997508764266968,406.1950378417969,4.043198108673096,8.17135238647461,4539.9375,32.66015625,1191.15673828125,19.5818862915039,271.875,75.20254516601562,41.68113327026367,47.16435241699219,150.1012725830078,0.3038194477558136,29.70196914672852
2022-10-08 00:38:50,25849.076171875,0.0839120373129844,3.961141109466553,564.1937255859375,4.045269012451172,7.774378299713135,4780.78125,30.79541015625,1193.567504882812,19.58550453186035,272.0051879882812,72.33795928955078,41.66666412353516,47.9600715637207,150.0868072509766,0.3038194477558136,29.67303085327148
2022-10-08 00:38:55,25849.076171875,0.0792824104428291,4.002903938293457,351.1517639160156,4.046511173248291,11.42261600494385,4406.71875,45.7236328125,1197.377807617188,19.59635543823243,271.9039306640625,75.41956329345703,41.68113327026367,48.71238327026367,150.1736145019531,0.2893518507480621,29.67303085327148
2022-10-08 00:39:00,25849.056640625,0.0839120373129844,4.005501747131348,315.6076049804688,4.044440746307373,6.756088256835938,4665.9375,27.0615234375,1199.710693359375,19.58550453186035,271.9907531738281,74.69618225097656,41.62326431274414,48.79919052124024,150.1012725830078,0.2893518507480621,29.6875
2022-10-08 00:39:05,25849.056640625,0.0850694477558136,3.988717317581177,443.2433776855469,4.044440746307373,8.188502311706543,4694.15673828125,32.66162109375,1202.510131835938,19.5818862915039,271.932861328125,72.00520324707031,41.7100715637207,49.36342620849609,150.1591491699219,0.3038194477558136,29.6875
2022-10-08 00:39:10,25849.056640625,0.0798611119389534,4.010298252105713,307.0836486816406,4.049824237823486,9.772812843322754,4604.25,39.19189453125,1206.242797851562,19.59635543823243,271.9473266601562,76.43229675292969,41.69560241699219,49.76852035522461,150.1591491699219,0.3038194477558136,29.6875
2022-10-08 00:39:15,25849.056640625,0.082175925374031,4.002504348754883,345.5248413085937,4.050238609313965,9.092818260192873,4713.1875,36.39404296875,1208.653564453125,19.63252258300781,271.9762878417969,77.76331329345703,41.7100715637207,50.07233428955078,150.1012725830078,0.2604166865348816,29.6875
2022-10-08 00:39:20,25849.056640625,0.0844907388091087,3.990115404129028,414.8860473632813,4.0514817237854,8.419120788574219,4442.8125,33.59326171875,1211.453002929688,19.67592620849609,271.8605346679688,68.40277862548828,41.7100715637207,50.70891571044922,150.1012725830078,0.3038194477558136,29.70196914672852
2022-10-08 00:39:25,25849.056640625,0.0844907388091087,3.994112491607666,346.8061828613281,4.050652503967285,10.0467700958252,4723.03125,40.1279296875,1214.796752929688,19.67230796813965,271.9907531738281,76.76504516601562,41.76794052124024,50.23147964477539,150.0578765869141,0.318287044763565,29.70196914672852
2022-10-08 00:39:30,25849.0390625,0.082175925374031,4.001105785369873,349.5918273925781,4.051894664764404,9.095264434814451,4748.625,36.39111328125,1217.674072265625,19.64698982238769,271.932861328125,76.93865966796875,41.68113327026367,49.71064758300781,150.0578765869141,0.3038194477558136,29.74537086486816
2022-10-08 00:39:35,25849.0390625,0.0758101865649223,3.999107837677002,389.6485900878906,4.052723407745361,9.333868980407717,4685.625,37.3271484375,1220.706787109375,19.6578426361084,271.875,72.84432983398438,41.7100715637207,48.62557983398438,150.1591491699219,0.3038194477558136,29.75984001159668
2022-10-08 00:39:40,25849.0390625,0.0827546268701553,3.992113828659058,362.0155334472656,4.051066875457764,8.648642539978027,4649.53125,34.5263671875,1224.050659179688,19.66145706176757,271.9762878417969,75.46295928955078,41.68113327026367,49.71064758300781,150.1736145019531,0.318287044763565,29.80323982238769
2022-10-08 00:39:45,25849.0390625,3.702546358108521,3.991714000701904,421.6828918457031,4.052723407745361,9.81818675994873,4642.96923828125,39.193359375,1227.005615234375,19.67230796813965,271.9183959960937,76.54803466796875,41.68113327026367,49.66724395751953,150.1157379150391,0.3038194477558136,29.77430534362793
2022-10-08 00:39:50,25849.0390625,11.09664344787598,3.985320091247559,452.4358825683594,4.049410820007324,8.895292282104492,4754.53125,35.45947265625,1229.882934570312,19.65060806274414,271.9907531738281,72.22222137451172,41.7100715637207,49.05960464477539,150.1302185058594,0.3038194477558136,29.83217620849609
2022-10-08 00:39:55,25849.0390625,13.52488422393799,3.985719680786133,383.5203247070313,4.0514817237854,9.365221977233888,4690.21875,37.3271484375,1233.071166992188,19.66869354248047,271.9183959960937,75.47743225097656,41.7100715637207,50.46295928955078,150.1591491699219,0.2893518507480621,29.81770896911621
2022-10-08 00:40:00,25849.021484375,13.49884223937988,3.996110677719116,385.3031005859375,4.0514817237854,10.27231597900391,4482.84375,41.0595703125,1236.259521484375,19.65060806274414,271.9039306640625,74.65277862548828,41.7100715637207,50.89699172973633,150.1157379150391,0.2459490597248077,29.84664535522461
2022-10-08 00:40:05,25849.021484375,13.4114580154419,3.988317251205444,461.6840209960938,4.048996448516846,9.592714309692385,4599.0,38.2587890625,1239.292236328125,19.66869354248047,271.8316040039062,72.19329071044922,41.69560241699219,50.37615966796875,150.2459564208984,0.2893518507480621,29.89004516601562
2022-10-08 00:40:10,25849.021484375,13.3854169845581,3.977126836776733,422.1286315917969,4.05355167388916,10.79279518127441,4440.1875,42.92431640625,1242.947143554688,19.66507530212402,271.9183959960937,76.69270324707031,41.68113327026367,51.28761672973633,150.1591491699219,0.3038194477558136,29.89004516601562
2022-10-08 00:40:15,25849.021484375,13.3958330154419,3.999307632446289,366.0268249511719,4.05355167388916,6.299918651580811,4758.46875,25.1953125,1245.202270507812,19.69039344787598,271.9183959960937,71.06481170654297,41.69560241699219,50.92593002319336,150.1591491699219,0.3038194477558136,29.87557983398437
2022-10-08 00:40:20,25849.021484375,13.39930534362793,3.984120845794678,442.7976989746094,4.056450366973877,11.2426290512085,4477.59375,44.7919921875,1249.012573242188,19.6976261138916,271.875,73.95832824707031,41.7100715637207,50.31829071044922,150.1736145019531,0.3038194477558136,29.91897964477539
2022-10-08 00:40:25,25849.021484375,13.39467620849609,3.984920263290405,383.2974548339844,4.052309513092041,10.30373668670654,4447.40625,41.0595703125,1252.200927734375,19.73379707336425,271.932861328125,76.07060241699219,41.7100715637207,50.82465362548828,150.1591491699219,0.3038194477558136,29.91897964477539
2022-10-08 00:40:30,25849.001953125,13.39467620849609,3.993712663650513,371.6536560058594,4.048996448516846,7.476962566375732,4658.0625,29.86083984375,1254.533813476562,19.6976261138916,271.8316040039062,72.4826431274414,41.7100715637207,50.65104293823242,150.1157379150391,0.3038194477558136,29.9623851776123
2022-10-08 00:40:35,25849.001953125,13.39351844787598,3.973330736160278,474.8876953125,4.048582077026367,10.33379077911377,4601.625,41.0595703125,1257.955444335938,19.68677520751953,271.8605346679688,74.4357681274414,41.73900604248047,49.84085464477539,150.1736145019531,0.318287044763565,29.97685050964355
2022-10-08 00:40:40,25849.001953125,13.39178276062012,3.962139844894409,463.4111022949219,4.043198108673096,10.59848403930664,4450.03125,41.99267578125,1261.532592773438,19.67230796813965,271.9039306640625,77.57523345947266,41.68113327026367,49.81192016601562,150.1591491699219,0.2893518507480621,29.97685050964355
2022-10-08 00:40:45,25849.001953125,13.35821723937988,3.994112491607666,361.3469848632813,4.04568338394165,6.073759078979492,4629.84375,24.25927734375,1263.709838867188,19.66869354248047,271.9183959960937,76.18634033203125,41.69560241699219,50.08680725097656,150.1302185058594,0.3038194477558136,30.03472137451172
2022-10-08 00:40:50,25849.001953125,13.359375,3.998308181762695,388.4786682128906,4.04568338394165,10.96972751617432,4677.09375,43.8603515625,1267.053833007812,19.61443901062012,271.9762878417969,73.50983428955078,41.73900604248047,49.34896087646485,150.1880798339844,0.3038194477558136,30.02025413513184
2022-10-08 00:40:55,25849.001953125,13.36168956756592,3.965936899185181,441.516357421875,4.046096801757812,10.58796787261963,4576.03076171875,41.9912109375,1270.553100585938,19.5818862915039,271.8605346679688,77.69097137451172,41.73900604248047,48.94386672973633,150.1736145019531,0.3038194477558136,30.09259414672852
2022-10-08 00:41:00,25848.982421875,13.34201431274414,3.988117694854736,379.4533081054688,4.044026374816895,6.779762744903564,4853.62548828125,27.0615234375,1273.27490234375,19.58911895751953,271.8026733398437,77.83564758300781,41.73900604248047,49.84085464477539,150.1591491699219,0.3038194477558136,30.09259414672852
2022-10-08 00:41:05,25848.982421875,13.3385419845581,3.99451208114624,423.4099426269531,4.04568338394165,11.44697952270508,4590.46875,45.72509765625,1276.61865234375,19.6108226776123,271.7881774902344,74.03067016601562,41.7100715637207,48.26388931274414,150.1736145019531,0.3038194477558136,30.13599586486816
2022-10-08 00:41:10,25848.982421875,13.33101844787598,3.971931219100952,442.9091186523438,4.044855117797852,10.57198810577393,4567.5,41.9912109375,1280.117919921875,19.62167167663575,271.7013854980469,80.52661895751953,41.73900604248047,47.84432983398438,150.1157379150391,0.318287044763565,30.17939949035645
2022-10-08 00:41:15,25848.982421875,13.33391189575195,4.00909948348999,326.6384887695312,4.046096801757812,6.052150249481201,4779.46923828125,24.263671875,1282.761962890625,19.5999698638916,271.8026733398437,77.22801208496094,41.76794052124024,48.77025604248047,150.1157379150391,0.318287044763565,30.19386482238769
2022-10-08 00:41:20,25848.982421875,13.31481456756592,3.999907255172729,383.3531799316406,4.04568338394165,11.43190574645996,4495.3125,45.7265625,1286.105712890625,19.62528991699219,271.7303161621094,73.06134033203125,41.78240585327149,48.24942016601562,150.2314758300781,0.318287044763565,30.26620483398437
2022-10-08 00:41:25,25848.982421875,13.31307888031006,3.985919237136841,413.8275451660156,4.04692554473877,8.427983283996582,4698.75,33.59326171875,1288.749755859375,19.63975715637207,271.7013854980469,77.05439758300781,41.75347137451172,47.1788215637207,150.1591491699219,0.2893518507480621,30.26620483398437
2022-10-08 00:41:30,25848.96484375,13.33043956756592,3.999906778335571,344.0206298828125,4.048168182373047,9.79820156097412,4343.0625,39.19189453125,1292.249145507812,19.61805534362793,271.7158508300781,77.06886291503906,41.75347137451172,48.20602035522461,150.1157379150391,0.3038194477558136,30.3240737915039
2022-10-08 00:41:35,25848.96484375,13.35011577606201,4.00050687789917,372.099365234375,4.048996448516846,8.630497932434082,4763.0625,34.5263671875,1294.970825195312,19.66869354248047,271.7158508300781,71.64351654052734,41.73900604248047,47.52603912353516,150.1591491699219,0.2893518507480621,30.33854103088379
2022-10-08 00:41:40,25848.96484375,1.462384223937989,3.971531867980957,437.003662109375,4.049410820007324,10.57022953033447,4599.0,41.99267578125,1298.392333984375,19.63975715637207,271.6435241699219,77.08332824707031,41.75347137451172,47.25115585327149,150.1302185058594,0.3038194477558136,30.39640998840332
2022-10-08 00:41:45,25848.96484375,0.5237268805503845,3.987916946411133,360.9569702148438,4.046511173248291,9.360061645507812,4633.125,37.3271484375,1301.425170898438,19.63614082336425,271.6435241699219,77.71990966796875,41.73900604248047,47.67071914672852,150.1157379150391,0.3038194477558136,30.41087913513184
2022-10-08 00:41:50,25848.96484375,0.2702546417713165,3.999107837677002,387.75439453125,4.047753810882568,7.466875553131103,4758.46875,29.86083984375,1304.302368164062,19.6108226776123,271.5856628417969,70.24016571044922,41.78240585327149,47.90219879150391,150.1012725830078,0.3038194477558136,30.46875
2022-10-08 00:41:55,25848.96484375,5.22743034362793,3.957544326782227,495.5568542480469,4.04692554473877,9.431526184082031,4801.125,37.32568359375,1307.024047851562,19.60358810424805,271.5567016601562,76.11400604248047,41.73900604248047,47.04861068725586,150.1157379150391,0.2893518507480621,30.48321914672852
2022-10-08 00:42:00,25848.9453125,13.33275508880615,3.996110200881958,371.8765258789063,4.04733943939209,9.107000350952148,4719.09375,36.392578125,1310.367919921875,19.55295181274414,272.5115661621094,75.98379516601562,41.78240585327149,47.16435241699219,150.3761596679688,0.318287044763565,30.54109001159668
2022-10-08 00:42:05,25848.9453125,11.41724491119385,3.992713689804077,423.0199890136719,4.04692554473877,10.98509788513184,4613.43701171875,43.8603515625,1313.711669921875,19.60720443725586,271.6435241699219,72.67071533203125,41.75347137451172,47.84432983398438,150.4050903320312,0.318287044763565,30.57002449035645
2022-10-08 00:42:10,25848.9453125,0.926504611968994,3.979125022888184,450.5973815917969,4.049824237823486,8.676941871643066,4751.25048828125,34.52490234375,1316.355712890625,19.61443901062012,271.5711975097656,75.23148345947266,41.75347137451172,47.16435241699219,150.2748870849609,0.3327546417713165,30.59895896911621
2022-10-08 00:42:15,25848.9453125,0.3819444477558136,3.982122659683228,440.6806945800781,4.050238609313965,10.07628440856934,4653.46923828125,40.125,1319.699462890625,19.64337348937988,271.542236328125,78.09606170654297,41.7100715637207,47.5694465637207,150.2314758300781,0.2893518507480621,30.67129516601562
2022-10-08 00:42:20,25848.9453125,0.2008101791143417,3.998108386993408,413.1589965820313,4.050652503967285,10.73652267456055,4499.90625,42.92578125,1323.354370117188,19.66869354248047,271.484375,73.92939758300781,41.76794052124024,48.1336784362793,150.1591491699219,0.318287044763565,30.67129516601562
2022-10-08 00:42:25,25848.9453125,0.1024305522441864,3.960142135620117,513.2174072265625,4.050652503967285,8.482842445373535,4597.03125,33.59326171875,1326.076049804688,19.67230796813965,271.484375,76.76504516601562,41.75347137451172,46.60011672973633,150.1591491699219,0.3038194477558136,30.70022964477539
2022-10-08 00:42:30,25848.9296875,0.0711805522441864,3.994911909103394,412.0447692871094,4.051894664764404,8.87652587890625,4513.03125,35.4609375,1329.419921875,19.63614082336425,271.426513671875,76.7071762084961,41.73900604248047,47.13541412353516,150.1302185058594,0.318287044763565,30.77256965637207
2022-10-08 00:42:35,25848.9296875,0.0671296268701553,3.992313623428345,449.9845275878906,4.051066875457764,10.05056285858154,4528.12548828125,40.125,1332.685913085938,19.66869354248047,271.4120483398437,72.59838104248047,41.81134414672852,47.39583587646485,150.1591491699219,0.318287044763565,30.81597137451172
2022-10-08 00:42:40,25848.9296875,0.0671296268701553,3.959542036056519,516.8944702148438,4.05396556854248,8.2413969039917,4707.28125,32.66015625,1335.096557617188,19.67230796813965,271.4699096679688,76.25868225097656,41.82580947875977,46.25289535522461,150.1736145019531,0.2893518507480621,30.83044052124023
2022-10-08 00:42:45,25848.9296875,0.066550925374031,3.979124546051025,500.5708923339844,4.051066875457764,10.08815860748291,4585.875,40.1279296875,1338.751586914062,19.63252258300781,271.3975524902344,80.45428466796875,41.76794052124024,47.48263931274414,150.1880798339844,0.318287044763565,30.88830947875977
2022-10-08 00:42:50,25848.9296875,0.0711805522441864,3.995511054992676,425.582763671875,4.052309513092041,10.27605819702148,4525.5,41.05810546875,1341.862060546875,19.61443901062012,271.3252258300781,71.10821533203125,41.78240585327149,47.1788215637207,150.1302185058594,0.3038194477558136,30.96064949035645
2022-10-08 00:42:55,25848.9296875,0.0671296268701553,4.006101608276367,392.3785095214844,4.048168182373047,7.220918655395508,4800.46923828125,28.927734375,1344.272705078125,19.62528991699219,271.2962951660156,77.9513931274414,41.75347137451172,45.74652862548828,150.1591491699219,0.318287044763565,30.97511482238769
2022-10-08 00:43:00,25848.9296875,0.0671296268701553,3.997708559036255,419.343017578125,4.048582077026367,9.336769104003906,4650.84375,37.32568359375,1347.538818359375,19.61443901062012,271.2962951660156,71.90393829345703,41.82580947875977,47.45370483398438,150.1157379150391,0.318287044763565,30.98958396911621
2022-10-08 00:43:05,25848.91015625,0.0671296268701553,4.00450325012207,380.066162109375,4.048996448516846,11.65143299102783,4520.25,46.658203125,1351.271362304688,19.59635543823243,271.0792846679688,70.12442016601562,41.78240585327149,46.31076431274414,150.1302185058594,0.3038194477558136,31.00405120849609
2022-10-08 00:43:10,25848.91015625,0.0711805522441864,3.993113040924072,414.774658203125,4.047753810882568,5.609022617340088,4860.1875,22.3974609375,1353.215454101562,19.61805534362793,271.2095031738281,77.44502258300781,41.75347137451172,46.38310241699219,150.1157379150391,0.318287044763565,31.1053237915039
2022-10-08 00:43:15,25848.91015625,0.0706018507480621,3.995111227035522,412.76904296875,4.047753810882568,11.21133422851562,4658.0625,44.79052734375,1357.02587890625,19.61805534362793,271.1371459960937,72.00520324707031,41.75347137451172,46.97627258300781,150.1880798339844,0.3038194477558136,31.1342601776123
2022-10-08 00:43:20,25848.91015625,0.0694444477558136,3.986917972564697,436.72509765625,4.04692554473877,9.366263389587402,4627.875,37.32568359375,1360.214233398438,19.58911895751953,271.2818298339844,71.64351654052734,41.75347137451172,46.55671310424805,150.1591491699219,0.3038194477558136,31.1342601776123
2022-10-08 00:43:25,25848.91015625,0.0677083358168602,3.95534610748291,555.8370361328125,4.04692554473877,8.021678924560547,4873.31298828125,31.728515625,1362.624877929688,19.61805534362793,271.2095031738281,75.05786895751953,41.81134414672852,46.07928085327149,150.1302185058594,0.3038194477558136,31.20659637451172
2022-10-08 00:43:30,25848.91015625,0.0700231492519378,3.994911432266235,405.4150390625,4.046511173248291,10.51154136657715,4673.15673828125,41.99267578125,1366.357543945312,19.63252258300781,271.1805725097656,75.5642318725586,41.81134414672852,46.91840362548828,150.1012725830078,0.3038194477558136,31.25
2022-10-08 00:43:35,25848.890625,0.0677083358168602,3.996509790420532,411.8775939941406,4.054379940032959,10.04001045227051,4537.96875,40.125,1369.468017578125,19.6795425415039,271.1371459960937,72.23668670654297,41.76794052124024,46.36863327026367,150.1157379150391,0.3038194477558136,31.27893447875977
2022-10-08 00:43:40,25848.890625,0.0694444477558136,3.972930431365967,498.7881164550781,4.046096801757812,7.516442775726318,4795.21923828125,29.8623046875,1371.878662109375,19.63975715637207,271.0503540039062,76.09954071044922,41.82580947875977,45.6163215637207,150.1591491699219,0.318287044763565,31.32234001159668
2022-10-08 00:43:45,25848.890625,0.0700231492519378,3.994711637496948,456.6699523925781,4.04692554473877,10.7456521987915,4728.9375,42.92578125,1375.30029296875,19.64337348937988,271.1371459960937,73.90045928955078,41.75347137451172,46.38310241699219,150.1012725830078,0.2893518507480621,31.39467620849609
2022-10-08 00:43:50,25848.890625,0.0729166641831398,3.984920263290405,447.9232177734375,4.04733943939209,10.0736198425293,4638.375,40.12646484375,1378.877319335938,19.5818862915039,271.0648193359375,71.80266571044922,41.78240585327149,46.0069465637207,150.1302185058594,0.3038194477558136,31.39467620849609
2022-10-08 00:43:55,25848.890625,0.0711805522441864,3.951349258422852,567.2022705078125,4.048168182373047,8.03189468383789,4802.43798828125,31.7255859375,1381.36572265625,19.58550453186035,271.1371459960937,74.45023345947266,41.85474395751953,46.51330947875977,150.1012725830078,0.3038194477558136,31.48147964477539
2022-10-08 00:44:00,25848.890625,0.0711805522441864,4.016692638397217,425.8612976074219,4.048996448516846,10.68791198730469,4541.25,42.92578125,1384.865112304688,19.60358810424805,270.9924621582031,72.93113708496094,41.75347137451172,46.94733810424805,150.1157379150391,0.318287044763565,31.48147964477539
2022-10-08 00:44:05,25848.87109375,0.0671296268701553,3.986718654632568,456.6699829101562,4.048168182373047,10.53314208984375,4505.8125,41.99267578125,1388.364501953125,19.62167167663575,270.9635620117188,73.35069274902344,41.76794052124024,46.0069465637207,150.1736145019531,0.3327546417713165,31.55381965637207
2022-10-08 00:44:10,25848.87109375,0.0711805522441864,3.975527763366699,480.7374267578125,4.048582077026367,6.337602138519287,4841.81201171875,25.1953125,1390.464111328125,19.60720443725586,270.9924621582031,73.79918670654297,41.89814758300781,46.09375,150.2025451660156,0.318287044763565,31.56828498840332
2022-10-08 00:44:15,25848.87109375,0.0694444477558136,4.013095378875732,358.1156921386719,4.050652503967285,9.766366004943848,4627.21923828125,39.193359375,1394.352294921875,19.63614082336425,271.0503540039062,75.30381774902344,41.76794052124024,46.875,150.1880798339844,0.3327546417713165,31.61169052124023
2022-10-08 00:44:20,25848.87109375,0.0700231492519378,3.978525876998901,462.7425842285156,4.052309513092041,10.78900051116943,4675.78125,42.92431640625,1397.307250976562,19.63975715637207,271.0648193359375,73.46643829345703,41.84027862548828,46.29629516601562,150.1591491699219,0.2604166865348816,31.65509414672852
2022-10-08 00:44:25,25848.87109375,0.075231485068798,3.976527690887451,474.1634521484375,4.048996448516846,7.7439284324646,4807.03125,30.7939453125,1399.640258789062,19.66145706176757,271.0648193359375,74.18981170654297,41.82580947875977,46.60011672973633,150.1736145019531,0.318287044763565,31.69849586486816
2022-10-08 00:44:30,25848.87109375,0.0711805522441864,3.991514205932617,429.5382690429688,4.0514817237854,10.75732040405273,4656.09375,42.92724609375,1403.528442382812,19.66869354248047,271.035888671875,74.14641571044922,41.81134414672852,47.10647964477539,150.1302185058594,0.318287044763565,31.75636482238769
2022-10-08 00:44:35,25848.853515625,0.0723379626870155,4.000905990600586,410.1505737304688,4.051066875457764,9.56253147125244,4566.1875,38.2587890625,1406.79443359375,19.67592620849609,271.035888671875,74.65277862548828,41.85474395751953,46.81713104248047,150.1157379150391,0.3038194477558136,31.77083396911621
2022-10-08 00:44:40,25848.853515625,0.0700231492519378,3.96333909034729,558.2883911132812,4.053137302398682,8.946867942810059,4673.15673828125,35.45947265625,1409.593872070312,19.63975715637207,271.0069274902344,71.64351654052734,41.78240585327149,47.13541412353516,150.1302185058594,0.3038194477558136,31.84317016601562
2022-10-08 00:44:45,25848.853515625,0.0758101865649223,4.015093803405762,387.8658447265625,4.054379940032959,12.31789875030518,4328.625,49.45751953125,1413.559814453125,19.63252258300781,270.9346008300781,74.8263931274414,41.81134414672852,46.81713104248047,150.1157379150391,0.2893518507480621,31.85763931274414
2022-10-08 00:44:50,25848.853515625,0.0653935149312019,3.987517595291138,444.2461547851562,4.05355167388916,7.956592082977295,4545.84375,31.72705078125,1416.203735351562,19.69039344787598,270.8912048339844,73.90045928955078,41.8836784362793,45.97800827026367,150.1012725830078,0.2893518507480621,31.94444465637207
2022-10-08 00:44:55,25848.853515625,0.0682870373129844,3.985519886016846,471.0993041992188,4.052723407745361,7.96094799041748,4641.00048828125,31.728515625,1418.925537109375,19.65422439575196,270.8622741699219,74.26215362548828,41.78240585327149,46.09375,150.1302185058594,0.318287044763565,31.94444465637207
2022-10-08 00:45:00,25848.853515625,0.0677083358168602,3.997509241104126,434.9980773925781,4.056036472320557,10.74780368804932,4391.625,42.92578125,1422.735961914062,19.6578426361084,270.3414306640625,72.22222137451172,41.84027862548828,46.65798568725586,150.1157379150391,0.318287044763565,32.00231552124023
2022-10-08 00:45:05,25848.8359375,0.0694444477558136,3.986518859863281,478.2304077148438,4.057278633117676,7.019493579864502,4117.96875,27.9931640625,1424.757690429688,19.7265625,265.7841491699219,67.10069274902344,41.85474395751953,46.3975715637207,149.8842620849609,0.318287044763565,32.04571914672852
2022-10-08 00:45:10,25848.8359375,0.0682870373129844,3.98332142829895,403.0751647949219,4.0552077293396,3.513459444046021,4449.375,13.998046875,1425.924194335938,19.6795425415039,322.5549621582031,68.33043670654297,41.81134414672852,46.99074172973633,152.3292846679688,0.3038194477558136,32.07465362548828
2022-10-08 00:45:15,25848.8359375,0.0729166641831398,4.015493392944336,301.4010620117188,4.055622577667236,7.668782234191895,4648.21875,30.7939453125,1428.568115234375,19.6976261138916,323.3506774902344,68.359375,41.84027862548828,47.59838104248047,152.3582153320312,0.2893518507480621,32.1180534362793
2022-10-08 00:45:20,25848.8359375,0.0706018507480621,3.977326154708862,425.9726867675781,4.057278633117676,11.96565437316894,4498.59375,47.59130859375,1432.456298828125,19.71932792663575,321.9907531738281,63.91781997680664,41.8836784362793,47.03414535522461,152.3292846679688,0.2604166865348816,32.16146087646484
2022-10-08 00:45:26,25848.8359375,0.0677083358168602,3.973330736160278,471.8235168457031,4.054794788360596,7.280474662780762,4726.96875,28.927734375,1434.94482421875,19.7084789276123,322.7720031738281,68.67766571044922,41.85474395751953,46.90393447875977,152.4016265869141,0.318287044763565,32.20486068725586
2022-10-08 00:45:30,25848.8359375,0.0723379626870155,4.016292572021484,368.8123779296875,4.0552077293396,7.202596187591553,5054.43701171875,28.927734375,1437.277587890625,19.66507530212402,322.6273193359375,69.05381774902344,41.84027862548828,46.83159637451172,152.2714080810547,0.318287044763565,32.23379516601562
2022-10-08 00:45:35,25848.81640625,0.0671296268701553,3.978326082229614,460.346923828125,4.049824237823486,11.72809886932373,4870.03125,46.658203125,1441.165771484375,19.6578426361084,321.2962951660156,64.13483428955078,41.89814758300781,45.94907379150391,152.4016265869141,0.318287044763565,32.29166412353516
2022-10-08 00:45:40,25848.81640625,0.0648148134350776,3.983721017837525,463.4111022949219,4.046096801757812,9.601855278015137,4815.5625,38.2587890625,1444.509643554688,19.65060806274414,322.8298645019531,66.99942016601562,41.8836784362793,46.88946914672852,152.2135314941406,0.3038194477558136,32.3350715637207
2022-10-08 00:45:45,25848.81640625,0.0625,3.977726459503174,529.1510620117188,4.04692554473877,9.852837562561035,4909.40625,39.19189453125,1447.54248046875,19.5818862915039,322.7430725097656,71.03588104248047,41.82580947875977,46.07928085327149,152.4016265869141,0.318287044763565,32.37847137451172
2022-10-08 00:45:50,25848.81640625,0.0653935149312019,3.968734264373779,551.1571655273438,4.04733943939209,10.58087348937988,4848.37548828125,41.99267578125,1450.808471679688,19.67592620849609,323.1481628417969,67.53472137451172,41.91261672973633,45.60185241699219,152.4016265869141,0.2893518507480621,32.40740585327148
2022-10-08 00:45:55,25848.81640625,0.0706018507480621,3.975728273391724,536.1707763671875,4.046096801757812,9.623089790344238,4804.40673828125,38.2587890625,1453.996704101562,19.63975715637207,320.5150451660156,61.58854293823242,41.91261672973633,47.55497741699219,152.2135314941406,0.3038194477558136,32.45080947875977
2022-10-08 00:46:00,25848.81640625,0.0677083358168602,3.985120058059693,472.7706909179688,4.048582077026367,9.13248348236084,4935.65625,36.39404296875,1457.029541015625,19.5818862915039,322.5549621582031,70.38483428955078,41.82580947875977,46.1805534362793,152.4160919189453,0.318287044763565,32.49421310424805
2022-10-08 00:46:05,25848.80078125,0.0723379626870155,3.960341453552246,576.6732788085938,4.04733943939209,9.660847663879396,5040.65625,38.26025390625,1460.217895507812,19.62528991699219,322.265625,64.2071762084961,41.89814758300781,45.52951431274414,152.2858734130859,0.2893518507480621,32.52314758300781
2022-10-08 00:46:10,25848.80078125,0.0740740746259689,3.947552680969238,651.9400024414062,4.049410820007324,11.82095050811768,4713.84423828125,46.65673828125,1464.10595703125,19.63614082336425,269.3142395019531,60.48900604248047,41.89814758300781,46.52777862548828,152.1990814208984,0.3038194477558136,32.58102035522461
2022-10-08 00:46:15,25848.80078125,0.0740740746259689,3.976328134536743,525.6411743164062,4.049410820007324,8.674830436706543,4843.125,34.5234375,1466.672119140625,19.64337348937988,270.1678161621094,65.89988708496094,41.91261672973633,46.81713104248047,152.0833435058594,0.2893518507480621,32.62442016601562
2022-10-08 00:46:20,25848.80078125,0.066550925374031,3.986518859863281,520.5714111328125,4.049410820007324,9.363344192504885,5035.40625,37.3271484375,1469.78271484375,19.63252258300781,270.1967468261719,63.62847137451172,41.92708587646485,45.02314758300781,151.9965362548828,0.2893518507480621,32.66782379150391
2022-10-08 00:46:25,25848.80078125,0.0653935149312019,3.982922077178955,534.2765502929688,4.048582077026367,9.839984893798828,4912.68701171875,39.19189453125,1473.281982421875,19.63975715637207,270.0520629882812,64.53993225097656,41.8836784362793,46.25289535522461,151.9386596679688,0.3327546417713165,32.71122741699219
2022-10-08 00:46:30,25848.80078125,0.0694444477558136,3.978126049041748,495.94677734375,4.049410820007324,9.148539543151855,4982.90625,36.39404296875,1476.392578125,19.62167167663575,269.9508056640625,67.59259033203125,41.97048568725586,46.60011672973633,151.8952484130859,0.3038194477558136,32.76909637451172
2022-10-08 00:46:35,25848.78125,0.0682870373129844,3.974729299545288,561.4638671875,4.05396556854248,10.33015537261963,4984.21875,41.0595703125,1479.503173828125,19.61805534362793,269.8784790039062,65.7696762084961,41.92708587646485,45.67419052124024,151.7795104980469,0.3327546417713165,32.8125
2022-10-08 00:46:40,25848.78125,0.0700231492519378,3.96134090423584,627.8724365234375,4.048168182373047,10.60025215148926,4936.96923828125,41.9912109375,1483.00244140625,19.6108226776123,269.979736328125,61.86343002319336,41.82580947875977,45.80439758300781,151.7505798339844,0.3038194477558136,32.85590362548828
2022-10-08 00:46:45,25848.78125,0.0677083358168602,3.968734264373779,583.0801391601562,4.050652503967285,8.229732513427734,4841.15625,32.66162109375,1486.035278320312,19.63614082336425,270.0520629882812,67.50579071044922,41.8836784362793,46.36863327026367,151.6782379150391,0.3038194477558136,32.91377258300781
2022-10-08 00:46:50,25848.78125,0.0723379626870155,3.996909618377686,482.9659118652344,4.05355167388916,10.50329303741455,4976.34375,41.9912109375,1489.30126953125,19.63975715637207,271.0648193359375,62.61574172973633,41.84027862548828,45.45717620849609,151.5480346679688,0.2893518507480621,32.98611068725586
2022-10-08 00:46:55,25848.78125,0.0700231492519378,3.979724168777466,560.6282348632812,4.054379940032959,10.31719017028809,4872.65625,41.0595703125,1492.489624023438,19.65422439575196,269.8205871582031,63.03530502319336,41.85474395751953,46.09375,151.5046234130859,0.3038194477558136,33.02951431274414
2022-10-08 00:47:00,25848.78125,0.0682870373129844,3.991514682769776,489.372802734375,4.054794788360596,8.18239688873291,5062.96923828125,32.66015625,1495.133544921875,19.6108226776123,269.8495483398437,68.76446533203125,41.92708587646485,46.12268447875977,151.5335693359375,0.3038194477558136,33.08738327026367
2022-10-08 00:47:05,25848.76171875,0.0700231492519378,3.996709823608398,459.2327270507813,4.056450366973877,10.50681114196777,4998.0,41.99267578125,1498.710693359375,19.6108226776123,269.9074096679688,63.99016571044922,41.91261672973633,46.3975715637207,151.4756927490234,0.2893518507480621,33.10185241699219
2022-10-08 00:47:10,25848.76171875,0.0700231492519378,3.959142446517944,660.0181884765625,4.056036472320557,10.37045383453369,4987.5,41.05810546875,1502.054443359375,19.67230796813965,269.8929443359375,64.35185241699219,41.97048568725586,46.0069465637207,151.4178314208984,0.318287044763565,33.17419052124023
2022-10-08 00:47:15,25848.76171875,0.0677083358168602,3.97273063659668,587.8155517578125,4.056450366973877,9.865228652954102,4913.34375,39.19189453125,1505.47607421875,19.68316078186035,269.589111328125,67.65045928955078,41.89814758300781,46.52777862548828,151.3888854980469,0.3038194477558136,33.21759414672852
2022-10-08 00:47:20,25848.76171875,0.0682870373129844,3.994711637496948,506.8663024902344,4.054379940032959,10.74709415435791,4841.15625,42.92724609375,1508.975341796875,19.69401168823243,269.921875,64.90161895751953,41.8836784362793,46.10821914672852,151.3165435791016,0.2893518507480621,33.27546310424805
2022-10-08 00:47:25,25848.76171875,0.066550925374031,3.959542512893677,638.7362670898438,4.05355167388916,8.711434364318848,4971.09375,34.5263671875,1511.697143554688,19.69039344787598,269.9652709960937,59.53414535522461,41.91261672973633,46.875,151.3165435791016,0.2893518507480621,33.31886672973633
2022-10-08 00:47:30,25848.76171875,0.066550925374031,3.987118482589722,473.21630859375,4.053137302398682,9.591273307800291,4992.75,38.2587890625,1514.807739257812,19.66507530212402,269.9652709960937,67.3611068725586,41.91261672973633,47.265625,151.3165435791016,0.3038194477558136,33.37673568725586
2022-10-08 00:47:35,25848.7421875,0.0700231492519378,3.992913246154785,495.3339233398438,4.05355167388916,9.815730094909668,4975.03125,39.193359375,1518.151489257812,19.68316078186035,269.9074096679688,67.7517318725586,41.91261672973633,46.25289535522461,151.2008056640625,0.3038194477558136,33.39120483398438
2022-10-08 00:47:40,25848.7421875,0.0677083358168602,3.973530054092407,594.723876953125,4.054794788360596,9.1591215133667,5117.4375,36.39404296875,1520.873168945312,19.67230796813965,269.8205871582031,61.99363327026367,41.92708587646485,46.74478912353516,151.1863403320312,0.3038194477558136,33.42013931274414
2022-10-08 00:47:45,25848.7421875,0.066550925374031,3.985320091247559,512.4375610351562,4.055622577667236,10.53647136688232,4949.4375,41.9912109375,1524.68359375,19.63975715637207,269.8350524902344,66.29051208496094,41.95602035522461,48.22048568725586,151.1429443359375,0.3038194477558136,33.5069465637207
2022-10-08 00:47:50,25848.7421875,0.0706018507480621,3.998308181762695,442.6305541992188,4.052723407745361,8.16886043548584,5129.25,32.66162109375,1527.32763671875,19.63975715637207,269.8350524902344,67.65045928955078,41.92708587646485,46.88946914672852,151.1139984130859,0.3038194477558136,33.53588104248047
2022-10-08 00:47:55,25848.7421875,0.0677083358168602,3.977726936340332,571.6591796875,4.0514817237854,10.55658435821533,5000.625,41.9912109375,1531.137939453125,19.63975715637207,269.8784790039062,58.69502258300781,41.95602035522461,47.49710464477539,151.0416564941406,0.2893518507480621,33.57928085327148
2022-10-08 00:48:00,25848.7421875,0.0677083358168602,4.003903865814209,427.03125,4.052723407745361,10.95840835571289,4811.625,43.85888671875,1534.481811523438,19.63975715637207,269.8350524902344,64.2795181274414,41.89814758300781,48.53877258300781,151.0272064208984,0.318287044763565,33.60821914672852
2022-10-08 00:48:05,25848.72265625,0.0723379626870155,3.995111227035522,454.2743530273438,4.05396556854248,7.941468715667725,5102.34375,31.72705078125,1537.125732421875,19.65060806274414,269.8784790039062,65.4079818725586,41.95602035522461,46.12268447875977,150.9693298339844,0.2604166865348816,33.66608810424805
2022-10-08 00:48:10,25848.72265625,0.0682870373129844,4.0086989402771,507.9805603027344,4.051066875457764,10.00948238372803,4847.0625,40.125,1540.93603515625,19.65060806274414,269.9074096679688,60.70602035522461,41.91261672973633,45.83333587646485,150.9114685058594,0.3038194477558136,33.70949172973633
2022-10-08 00:48:15,25848.72265625,0.0625,4.005102634429932,452.1015625,4.055622577667236,10.7177734375,4807.03125,42.92578125,1544.202270507812,19.66145706176757,269.8929443359375,66.40625,41.95602035522461,47.32349395751953,150.8969879150391,0.318287044763565,33.78182983398438
2022-10-08 00:48:20,25848.72265625,0.0671296268701553,4.011497020721436,392.6013488769531,4.048996448516846,7.443814754486084,5137.12548828125,29.86083984375,1546.690673828125,19.62167167663575,269.921875,64.91608428955078,41.95602035522461,45.51504516601562,150.8391265869141,0.3038194477558136,33.79629516601562
2022-10-08 00:48:25,25848.72265625,0.0653935149312019,4.005502223968506,537.5077514648438,4.053137302398682,10.48374843597412,4923.84375,41.99267578125,1550.42333984375,19.61443901062012,269.921875,59.04224395751953,41.92708587646485,46.60011672973633,150.8101806640625,0.318287044763565,33.85416412353516
2022-10-08 00:48:30,25848.72265625,0.0729166641831398,4.001306056976318,444.0233459472656,4.048168182373047,10.26271343231201,4775.53125,41.05810546875,1554.078125,19.65060806274414,270.0665588378906,67.10069274902344,41.95602035522461,46.10821914672852,150.8101806640625,0.318287044763565,33.8975715637207
2022-10-08 00:48:35,25848.705078125,0.066550925374031,4.002504825592041,447.7560424804688,4.048168182373047,9.325946807861328,5139.75,37.3271484375,1556.48876953125,19.61805534362793,270.0231628417969,63.38252258300781,41.92708587646485,45.58738327026367,150.7378387451172,0.3038194477558136,33.94097137451172
2022-10-08 00:48:40,25848.705078125,0.0671296268701553,3.995910406112671,537.173583984375,4.048996448516846,10.74726486206055,4840.5,42.92578125,1560.765747070312,19.59635543823243,270.0231628417969,58.96990966796875,41.92708587646485,46.68692016601562,150.6799774169922,0.3038194477558136,33.96990585327148
2022-10-08 00:48:45,25848.705078125,0.0706018507480621,4.001306056976318,455.1657104492188,4.048996448516846,11.4275426864624,4803.75,45.72509765625,1563.798583984375,19.6108226776123,269.9652709960937,69.34317016601562,41.97048568725586,45.68865585327149,150.6944427490234,0.2893518507480621,33.99884414672852
2022-10-08 00:48:50,25848.705078125,0.0653935149312019,3.984720945358277,473.9406127929688,4.04733943939209,6.557151317596436,5169.9375,26.12841796875,1565.898193359375,19.58550453186035,270.0376281738281,65.98668670654297,42.02835464477539,44.74826431274414,150.7089080810547,0.3038194477558136,34.0711784362793
2022-10-08 00:48:55,25848.705078125,0.0636574104428291,4.015093326568604,491.9912414550781,4.050652503967285,12.55029964447022,4672.5,50.390625,1570.952758789062,19.62890625,270.0665588378906,60.86516571044922,41.95602035522461,46.80266189575195,150.6365814208984,0.2893518507480621,34.10011672973633
2022-10-08 00:49:00,25848.705078125,0.0677083358168602,3.990915536880493,444.3019409179688,4.052723407745361,9.118854522705078,4877.24951171875,36.392578125,1573.363403320312,19.61805534362793,269.9942016601562,67.05729675292969,41.98495483398438,45.89120483398438,150.6655120849609,0.318287044763565,34.17245483398438
2022-10-08 00:49:05,25848.705078125,0.0642361119389534,3.977326631546021,512.3817749023438,4.056450366973877,7.273160457611084,5202.75048828125,28.927734375,1575.540771484375,19.66145706176757,270.0520629882812,61.87789535522461,42.02835464477539,45.35590362548828,150.6221008300781,0.2893518507480621,34.21585464477539
2022-10-08 00:49:10,25848.685546875,0.0642361119389534,4.010498046875,454.1071472167969,4.0552077293396,12.33078575134277,4896.93701171875,49.45751953125,1579.58447265625,19.67230796813965,269.8205871582031,60.95196533203125,41.92708587646485,46.70138931274414,150.6799774169922,0.3327546417713165,34.24478912353516
2022-10-08 00:49:15,25848.685546875,0.0682870373129844,3.970532417297363,556.7841186523438,4.05355167388916,9.87069034576416,4849.6875,39.19189453125,1582.92822265625,19.66507530212402,269.9074096679688,68.15682983398438,41.95602035522461,47.01967620849609,150.6944427490234,0.318287044763565,34.30266189575195
2022-10-08 00:49:20,25848.685546875,0.0682870373129844,3.963138818740845,608.5404052734375,4.051894664764404,8.476798057556152,5105.62548828125,33.5947265625,1585.650024414062,19.63975715637207,269.9508056640625,60.43113327026367,41.92708587646485,46.0069465637207,150.6655120849609,0.3038194477558136,34.375
2022-10-08 00:49:25,25848.685546875,0.0682870373129844,3.994911432266235,555.0570678710938,4.052723407745361,9.810820579528809,5030.15625,39.193359375,1588.916137695312,19.66145706176757,269.8784790039062,61.34259033203125,41.98495483398438,45.89120483398438,150.6221008300781,0.2893518507480621,34.40393447875977
2022-10-08 00:49:30,25848.685546875,0.0671296268701553,3.96733546257019,577.5646362304688,4.050238609313965,12.93657398223877,4660.68798828125,51.32373046875,1593.115356445312,19.63614082336425,269.8350524902344,65.17650604248047,41.99942016601562,46.484375,150.6944427490234,0.3038194477558136,34.44733810424805
2022-10-08 00:49:35,25848.685546875,0.0648148134350776,3.969334125518799,593.1639404296875,4.050652503967285,5.876964569091797,5051.15625,23.32763671875,1595.137084960938,19.68316078186035,269.7627258300781,63.59954071044922,42.04282379150391,45.28356552124024,150.7523193359375,0.2893518507480621,34.50521087646484
2022-10-08 00:49:40,25848.666015625,0.0682870373129844,3.974329471588135,590.2669677734375,4.052723407745361,11.04183673858643,5080.68798828125,43.857421875,1598.48095703125,19.69401168823243,269.9074096679688,59.04224395751953,42.02835464477539,46.12268447875977,150.7523193359375,0.3038194477558136,34.53414535522461
2022-10-08 00:49:45,25848.666015625,0.0671296268701553,3.987317800521851,524.6941528320312,4.054794788360596,12.16968822479248,4728.28125,48.5244140625,1602.68017578125,19.7084789276123,269.8350524902344,65.49479675292969,41.97048568725586,46.22396087646485,150.78125,0.3038194477558136,34.57754516601562
2022-10-08 00:49:50,25848.666015625,0.0642361119389534,4.001105785369873,477.0604553222656,4.056036472320557,7.229934692382812,5045.25048828125,28.927734375,1604.857543945312,19.7265625,269.979736328125,66.98495483398438,41.97048568725586,45.7899284362793,150.8246612548828,0.318287044763565,34.62094879150391
2022-10-08 00:49:55,25848.666015625,0.0642361119389534,3.972131013870239,582.9129638671875,4.057692527770996,9.632173538208008,5064.28125,38.26025390625,1607.968139648438,19.72294616699219,269.9508056640625,63.02083206176758,41.95602035522461,46.1805534362793,150.7667846679688,0.318287044763565,34.62094879150391
2022-10-08 00:50:00,25848.666015625,0.0590277761220932,3.976527690887451,536.89501953125,4.058107376098633,12.67201709747314,4739.4375,50.390625,1612.400634765625,19.73017883300781,269.921875,66.99942016601562,41.99942016601562,46.80266189575195,150.7523193359375,0.3038194477558136,34.69328689575195
2022-10-08 00:50:05,25848.666015625,0.0671296268701553,3.988117694854736,469.9293518066406,4.057278633117676,7.487819194793701,4926.46923828125,29.8623046875,1614.811279296875,19.67230796813965,269.9942016601562,64.78588104248047,42.05728912353516,45.80439758300781,150.7089080810547,0.3038194477558136,34.765625
2022-10-08 00:50:10,25848.646484375,0.0723379626870155,3.955545663833618,643.9174194335938,4.057278633117676,8.964495658874512,5185.6875,35.45947265625,1617.455200195312,19.70486068725586,269.9074096679688,65.04629516601562,42.05728912353516,44.84953689575195,150.7089080810547,0.3327546417713165,34.79455947875977
2022-10-08 00:50:15,25848.646484375,0.0648148134350776,3.985120058059693,490.6541748046875,4.054794788360596,11.01394653320312,4914.0,43.85888671875,1621.343383789062,19.68677520751953,269.7048645019531,63.80208206176758,41.97048568725586,46.0069465637207,150.6944427490234,0.318287044763565,34.86689758300781
2022-10-08 00:50:20,25848.646484375,0.0694444477558136,3.994112491607666,469.7621765136719,4.0552077293396,10.73491287231445,4965.84326171875,42.92578125,1624.609497070312,19.6976261138916,269.7771911621094,65.58159637451172,41.98495483398438,45.37036895751953,150.9548645019531,0.318287044763565,34.89583587646484
2022-10-08 00:50:25,25848.646484375,0.0682870373129844,3.977326631546021,619.181396484375,4.0514817237854,7.272791862487793,5079.375,28.92626953125,1627.25341796875,19.68677520751953,269.7771911621094,63.59954071044922,41.95602035522461,45.52951431274414,150.8969879150391,0.318287044763565,34.95370483398438
2022-10-08 00:50:30,25848.646484375,0.0700231492519378,3.963538408279419,591.3811645507812,4.057278633117676,12.94896793365478,4841.15625,51.32373046875,1631.297119140625,19.70124435424805,269.8061218261719,62.81829071044922,41.95602035522461,46.84606552124024,150.8969879150391,0.3327546417713165,35.01157379150391
2022-10-08 00:50:35,25848.646484375,0.0740740746259689,4.007900238037109,433.9952087402344,4.05355167388916,9.546574592590332,4751.25048828125,38.26171875,1635.107543945312,19.64337348937988,269.3865661621094,64.17823791503906,41.98495483398438,47.38136672973633,150.9548645019531,0.3327546417713165,35.05497741699219
2022-10-08 00:50:40,25848.626953125,0.0706018507480621,3.981922626495361,571.5477905273438,4.048582077026367,7.030062198638916,5126.625,27.9931640625,1636.662719726562,19.67230796813965,269.7482604980469,65.14756774902344,41.99942016601562,45.73205947875977,151.1284637451172,0.3038194477558136,35.05497741699219
2022-10-08 00:50:45,25848.626953125,0.0700231492519378,3.953947067260742,613.7774047851562,4.049410820007324,14.39596843719482,4841.81201171875,56.9208984375,1641.328491210938,19.64698982238769,269.4154968261719,64.74247741699219,41.98495483398438,46.3975715637207,151.2442169189453,0.318287044763565,35.09838104248047
2022-10-08 00:50:50,25848.626953125,0.0671296268701553,4.007100582122803,433.8838500976562,4.051894664764404,9.086010932922363,4661.34375,36.39404296875,1644.750122070312,19.63252258300781,269.7337951660156,64.53993225097656,41.99942016601562,46.44097137451172,151.0995330810547,0.318287044763565,35.17071914672852
2022-10-08 00:50:55,25848.626953125,0.0700231492519378,3.969733476638794,594.668212890625,4.052723407745361,7.28707218170166,5112.1875,28.927734375,1646.849731445312,19.6108226776123,269.6325378417969,61.50173568725586,42.02835464477539,46.26736068725586,151.1284637451172,0.3038194477558136,35.22858810424805
2022-10-08 00:51:00,25848.626953125,0.0706018507480621,3.952348232269287,600.406494140625,4.051894664764404,11.80518531799316,4972.40673828125,46.658203125,1650.271362304688,19.62167167663575,269.6325378417969,65.92881774902344,42.04282379150391,46.33969879150391,151.0995330810547,0.3038194477558136,35.27199172973633
2022-10-08 00:51:05,25848.626953125,0.0694444477558136,4.01729154586792,366.5281982421875,4.048996448516846,9.52425765991211,4711.87548828125,38.26171875,1654.004028320312,19.59635543823243,269.6035766601562,65.53819274902344,41.99942016601562,47.45370483398438,151.1284637451172,0.3327546417713165,35.31539535522461
2022-10-08 00:51:10,25848.607421875,0.0723379626870155,3.970332622528076,608.4290161132812,4.049410820007324,8.22605037689209,5033.4375,32.66015625,1656.336791992188,19.62890625,269.6325378417969,60.99536895751953,42.04282379150391,46.97627258300781,151.1284637451172,0.318287044763565,35.38772964477539
2022-10-08 00:51:15,25848.607421875,0.0700231492519378,3.937561511993408,679.1830444335938,4.052723407745361,11.84951686859131,4951.40625,46.658203125,1659.991821289062,19.61805534362793,269.6759338378906,64.97395324707031,41.99942016601562,46.62905120849609,151.2008056640625,0.3038194477558136,35.40219879150391
2022-10-08 00:51:20,25848.607421875,0.0734953731298446,4.004502773284912,442.7420043945313,4.047753810882568,8.639496803283691,4860.84375,34.52783203125,1663.180053710938,19.58550453186035,269.473388671875,64.90161895751953,42.05728912353516,46.25289535522461,151.1429443359375,0.318287044763565,35.44560241699219
2022-10-08 00:51:25,25848.607421875,0.0758101865649223,3.943756103515625,661.6337890625,4.05396556854248,9.94678020477295,5094.46875,39.19189453125,1666.057250976562,19.65422439575196,269.7482604980469,60.99536895751953,42.07175827026367,47.1788215637207,151.171875,0.3038194477558136,35.47453689575195
2022-10-08 00:51:30,25848.607421875,0.0734953731298446,3.947552680969238,646.1458740234375,4.049410820007324,11.81234931945801,4854.9375,46.658203125,1669.789916992188,19.63975715637207,269.7482604980469,61.58854293823242,42.05728912353516,46.73032379150391,151.2586822509766,0.318287044763565,35.546875
2022-10-08 00:51:35,25848.607421875,0.0734953731298446,3.981523036956787,483.5230712890625,4.05355167388916,8.90637493133545,4828.03125,35.4609375,1673.133666992188,19.66507530212402,269.8061218261719,65.75520324707031,42.04282379150391,47.46817016601562,151.1863403320312,0.3327546417713165,35.59027862548828
2022-10-08 00:51:40,25848.587890625,0.0758101865649223,3.985919713973999,544.2490234375,4.049824237823486,7.023012638092041,5137.12548828125,27.9931640625,1675.54443359375,19.62167167663575,269.8205871582031,63.38252258300781,42.04282379150391,46.60011672973633,151.2152862548828,0.318287044763565,35.60474395751953
2022-10-08 00:51:45,25848.587890625,0.0740740746259689,3.970132827758789,544.6946411132812,4.049824237823486,10.57714653015137,5056.40576171875,41.99267578125,1678.732666015625,19.66507530212402,269.6759338378906,64.19270324707031,42.05728912353516,47.09201431274414,151.2152862548828,0.318287044763565,35.6336784362793
2022-10-08 00:51:50,25848.587890625,0.0763888880610466,4.003304004669189,404.0222778320313,4.05396556854248,8.158666610717773,5089.21875,32.66162109375,1681.84326171875,19.62167167663575,269.589111328125,66.5509262084961,42.04282379150391,48.42303085327149,151.1863403320312,0.318287044763565,35.70602035522461
2022-10-08 00:51:55,25848.587890625,0.082175925374031,4.009298801422119,477.951904296875,4.053137302398682,9.077043533325195,5133.1875,36.392578125,1685.109252929688,19.6795425415039,269.5457153320312,64.16377258300781,42.02835464477539,47.265625,151.2586822509766,0.3327546417713165,35.74942016601562
2022-10-08 00:52:00,25848.587890625,0.0769675895571708,3.946553945541382,635.672119140625,4.0552077293396,13.00667095184326,4923.84375,51.32373046875,1688.76416015625,19.66869354248047,269.473388671875,68.01215362548828,42.02835464477539,46.9618034362793,151.2731475830078,0.318287044763565,35.76388931274414
2022-10-08 00:52:05,25848.587890625,0.0740740746259689,3.985919713973999,461.5726013183594,4.056450366973877,6.555179119110107,5286.09375,26.12841796875,1690.941528320312,19.68316078186035,269.473388671875,68.24363708496094,41.97048568725586,46.07928085327149,151.3165435791016,0.3327546417713165,35.8506965637207
2022-10-08 00:52:10,25848.568359375,0.075231485068798,4.022087574005127,434.8309020996094,4.054794788360596,9.28054141998291,5060.34375,37.3271484375,1694.674194335938,19.62167167663575,269.5457153320312,65.53819274902344,42.05728912353516,47.03414535522461,151.2876129150391,0.3038194477558136,35.89409637451172
2022-10-08 00:52:15,25848.568359375,0.078125,3.968135118484497,535.1122436523438,4.052723407745361,10.58210182189941,5179.78125,41.9912109375,1697.551391601562,19.63975715637207,269.6180725097656,67.52025604248047,41.99942016601562,46.41203689575195,151.4033508300781,0.318287044763565,35.90856552124023
2022-10-08 00:52:20,25848.568359375,0.0763888880610466,3.973729848861694,517.3958129882812,4.05355167388916,7.044925212860107,5487.5625,27.99462890625,1699.728759765625,19.65060806274414,269.6614379882812,70.5584487915039,42.04282379150391,45.08102035522461,151.3888854980469,0.3327546417713165,35.96643447875977
2022-10-08 00:52:25,25848.568359375,0.0706018507480621,4.013895034790039,447.867431640625,4.05396556854248,12.08947372436523,5125.31201171875,48.52587890625,1703.772583007812,19.67230796813965,269.7771911621094,67.10069274902344,42.05728912353516,45.96353912353516,151.4901580810547,0.3327546417713165,36.03877258300781
2022-10-08 00:52:30,25848.568359375,0.0787037014961242,3.958742618560791,613.8330688476562,4.05396556854248,9.904085159301758,5201.4375,39.19189453125,1706.960815429688,19.65422439575196,269.921875,68.24363708496094,42.02835464477539,46.29629516601562,151.6059112548828,0.361689805984497,36.03877258300781
2022-10-08 00:52:35,25848.568359375,0.0758101865649223,3.967735767364502,544.5275268554688,4.05396556854248,8.693901062011719,5374.6875,34.5263671875,1709.838012695312,19.65422439575196,269.5601806640625,70.90567016601562,42.05728912353516,44.96527862548828,151.6059112548828,0.361689805984497,36.06771087646485
2022-10-08 00:52:40,25848.55078125,0.0827546268701553,4.008899211883545,460.1797790527344,4.055622577667236,11.40589809417725,5062.96923828125,45.72509765625,1713.726196289062,19.69401168823243,269.3287048339844,65.94329071044922,42.02835464477539,46.41203689575195,151.4756927490234,0.3327546417713165,36.14004516601562
2022-10-08 00:52:45,25848.55078125,0.0769675895571708,3.940558671951294,671.884765625,4.05355167388916,8.288204193115234,5224.40625,32.66015625,1716.05908203125,19.6795425415039,269.3721008300781,69.16956329345703,42.1006965637207,46.10821914672852,151.5769653320312,0.318287044763565,36.18344879150391
2022-10-08 00:52:50,25848.55078125,0.078125,3.964537858963013,543.413330078125,4.054379940032959,10.35671043395996,5240.15673828125,41.0595703125,1719.869506835938,19.70124435424805,269.3287048339844,68.09895324707031,42.05728912353516,46.26736068725586,151.5480346679688,0.3327546417713165,36.21238327026367
2022-10-08 00:52:55,25848.55078125,0.0787037014961242,4.019090175628662,425.638427734375,4.056036472320557,8.590592384338379,5146.3125,34.5263671875,1722.902221679688,19.68316078186035,269.473388671875,63.90335464477539,42.07175827026367,46.29629516601562,151.4756927490234,0.3327546417713165,36.2413215637207
2022-10-08 00:53:00,25848.55078125,0.0850694477558136,3.970732450485229,576.9517822265625,4.05396556854248,9.870192527770996,5323.5,39.19189453125,1725.623901367188,19.65060806274414,269.4589233398437,68.17129516601562,42.05728912353516,46.22396087646485,151.4901580810547,0.3327546417713165,36.28472137451172
2022-10-08 00:53:05,25848.55078125,0.0850694477558136,3.991514682769776,418.3401794433594,4.05355167388916,8.416536331176758,5415.37548828125,33.5947265625,1728.423461914062,19.63975715637207,269.5457153320312,67.39004516601562,42.1006965637207,46.03588104248047,151.5046234130859,0.318287044763565,36.328125
2022-10-08 00:53:10,25848.53125,5.657986164093018,4.002105236053467,452.9372253417969,4.051066875457764,11.65666770935059,5143.03076171875,46.658203125,1732.311645507812,19.63975715637207,269.1695556640625,63.80208206176758,42.04282379150391,47.01967620849609,151.6203765869141,0.318287044763565,36.35705947875977
2022-10-08 00:53:15,25848.53125,12.22800922393799,3.965137481689453,604.0834350585938,4.054379940032959,8.001501083374023,5378.625,31.72705078125,1734.95556640625,19.5999698638916,269.4154968261719,67.86747741699219,42.07175827026367,46.33969879150391,151.7505798339844,0.3327546417713165,36.4149284362793
2022-10-08 00:53:20,25848.53125,2.359953641891479,3.974529027938842,521.7413940429688,4.04692554473877,10.09553623199463,5284.125,40.125,1738.53271484375,19.62528991699219,269.4589233398437,67.63599395751953,42.14409637451172,46.484375,151.6059112548828,0.318287044763565,36.45833587646485
2022-10-08 00:53:25,25848.53125,0.6203703880310059,4.022287845611572,419.4544067382813,4.04733943939209,10.20874214172363,5192.90625,41.0625,1741.565551757812,19.62167167663575,269.3865661621094,63.38252258300781,42.07175827026367,46.65798568725586,151.5480346679688,0.361689805984497,36.48727035522461
2022-10-08 00:53:30,25848.53125,0.3113425970077514,3.956944227218628,658.5697021484375,4.053137302398682,9.904585838317873,5267.71875,39.19189453125,1744.83154296875,19.62528991699219,269.3287048339844,66.13136291503906,42.04282379150391,46.36863327026367,151.6782379150391,0.3327546417713165,36.54513931274414
2022-10-08 00:53:35,25848.53125,0.1637731492519378,3.986718654632568,499.4009399414063,4.0514817237854,8.192239761352539,5373.37451171875,32.66015625,1747.78662109375,19.65060806274414,268.301513671875,71.29629516601562,42.07175827026367,46.1805534362793,152.2280120849609,0.3038194477558136,36.57407379150391
2022-10-08 00:53:40,25848.494140625,0.1001157388091087,4.023486614227295,335.3295593261719,4.051894664764404,0.0,0.0,0.0,1749.419555664062,19.63614082336425,267.3755798339844,66.14582824707031,42.12963104248047,45.09548568725586,153.6024322509766,0.3327546417713165,36.6319465637207
2022-10-08 00:53:45,25848.494140625,0.0827546268701553,3.996710300445557,241.2879638671875,4.051066875457764,0.0,0.0,0.0,1749.419555664062,19.63252258300781,268.7933959960937,72.96006774902344,42.04282379150391,46.22396087646485,153.5300903320312,0.318287044763565,36.67534637451172
2022-10-08 00:53:50,25848.494140625,0.0827546268701553,4.005302429199219,107.9695434570312,3.178899049758911,0.0,0.0,0.0,1749.264038085938,0.0,269.4010620117188,73.71238708496094,42.05728912353516,44.06828689575195,153.3709564208984,0.318287044763565,36.67534637451172
2022-10-08 00:53:55,25848.494140625,0.0839120373129844,3.229979753494263,74.15245819091797,2.279812097549438,0.0,0.0,0.0,1749.341796875,0.0,269.4589233398437,72.77198791503906,42.02835464477539,43.77893447875977,153.2407379150391,0.361689805984497,36.74768447875977
2022-10-08 00:54:00,25848.494140625,0.0815972238779068,2.294995784759521,87.18903350830078,0.2244610786437988,0.0,0.0,0.0,1749.419555664062,0.0,293.8368225097656,73.9728012084961,42.07175827026367,43.93807983398438,153.2262725830078,0.361689805984497,36.74768447875977
2022-10-08 00:54:05,25848.494140625,0.082175925374031,1.362410306930542,55.21043014526367,0.0,0.0,0.0,0.0,1749.341796875,0.0,267.9253540039062,73.2928237915039,42.02835464477539,43.86574172973633,153.2986145019531,0.3327546417713165,36.82002258300781
2022-10-08 00:54:10,25848.49609375,0.0827546268701553,0.4264276027679443,32.59142684936523,0.0,0.0,0.0,0.0,1749.341796875,0.0,266.348388671875,72.93113708496094,42.05728912353516,43.77893447875977,153.2986145019531,0.3327546417713165,36.83449172973633
